آلة موسيقية;الترومبون
آلة موسيقية;الكمان
آلة موسيقية;توبا
آلة موسيقية;أجراس
آلة موسيقية;أكورديون
آلة موسيقية;إكسيليفون
آلة موسيقية;الباسون
آلة موسيقية;البانجو
آلة موسيقية;البوق 
آلة موسيقية;التشيلو
آلة موسيقية;الدقات
آلة موسيقية;القانون  
آلة موسيقية;القيثارة
آلة موسيقية;القيثارة 
آلة موسيقية;الماريمبا
آلة موسيقية;بوق
آلة موسيقية;بيانو
آلة موسيقية;جهير
آلة موسيقية;دف 
آلة موسيقية;ساكسفون
آلة موسيقية;طبل
آلة موسيقية;طبلة
آلة موسيقية;عضو
آلة موسيقية;عود
آلة موسيقية;غيتار
آلة موسيقية;فلوت
آلة موسيقية;قيثار
آلة موسيقية;كمان
آلة موسيقية;كمان
آلة موسيقية;كمان 
آلة موسيقية;مثلث
آلة موسيقية;مزمار
آلة موسيقية;مسجل
آلة موسيقية;ناي  
آلة موسيقية;هارمونيكا
اثاث او جزء من مبنى;فتاحة
اثاث او جزء من مبنى;فنجان
اثاث او جزء من مبنى;أثاث 
اثاث او جزء من مبنى;أدراج
اثاث او جزء من مبنى;أرضية
اثاث او جزء من مبنى;أريكة
اثاث او جزء من مبنى;أصيص
اثاث او جزء من مبنى;أضواء
اثاث او جزء من مبنى;أنابيب
اثاث او جزء من مبنى;إسفنج
اثاث او جزء من مبنى;ادراج
اثاث او جزء من مبنى;استراحة
اثاث او جزء من مبنى;اشخاص
اثاث او جزء من مبنى;الأظافر
اثاث او جزء من مبنى;الأقسام
اثاث او جزء من مبنى;الإطار
اثاث او جزء من مبنى;التلفاز
اثاث او جزء من مبنى;الجزء
اثاث او جزء من مبنى;الحزم
اثاث او جزء من مبنى;الحمام
اثاث او جزء من مبنى;الحواف
اثاث او جزء من مبنى;الخافق
اثاث او جزء من مبنى;الخرسانة
اثاث او جزء من مبنى;الدعم
اثاث او جزء من مبنى;الرواق
اثاث او جزء من مبنى;الساطور
اثاث او جزء من مبنى;السرير
اثاث او جزء من مبنى;الطاولة
اثاث او جزء من مبنى;العتبة
اثاث او جزء من مبنى;العثماني
اثاث او جزء من مبنى;العوارض
اثاث او جزء من مبنى;الغرور
اثاث او جزء من مبنى;الفراريج
اثاث او جزء من مبنى;الفريزر
اثاث او جزء من مبنى;الفوطة
اثاث او جزء من مبنى;المبشرة
اثاث او جزء من مبنى;المدفأة
اثاث او جزء من مبنى;المزاريب
اثاث او جزء من مبنى;المغربل
اثاث او جزء من مبنى;المفتاح
اثاث او جزء من مبنى;المهزة
اثاث او جزء من مبنى;المولف
اثاث او جزء من مبنى;النافذة
اثاث او جزء من مبنى;انحياز
اثاث او جزء من مبنى;باب
اثاث او جزء من مبنى;بالوعة
اثاث او جزء من مبنى;براز
اثاث او جزء من مبنى;بلاك بورد
اثاث او جزء من مبنى;بناء
اثاث او جزء من مبنى;بوفيه
اثاث او جزء من مبنى;بيانو
اثاث او جزء من مبنى;ثلاجة
اثاث او جزء من مبنى;ثلاجة
اثاث او جزء من مبنى;جانب
اثاث او جزء من مبنى;جرة
اثاث او جزء من مبنى;جص
اثاث او جزء من مبنى;جناح
اثاث او جزء من مبنى;حائط
اثاث او جزء من مبنى;حامل
اثاث او جزء من مبنى;حجر
اثاث او جزء من مبنى;حمام
اثاث او جزء من مبنى;خزانة
اثاث او جزء من مبنى;خشب
اثاث او جزء من مبنى;خلاط
اثاث او جزء من مبنى;خلفي
اثاث او جزء من مبنى;درابزين
اثاث او جزء من مبنى;درج
اثاث او جزء من مبنى;دعامة
اثاث او جزء من مبنى;دعم
اثاث او جزء من مبنى;دهليز
اثاث او جزء من مبنى;ديوان
اثاث او جزء من مبنى;راديو
اثاث او جزء من مبنى;رافدة
اثاث او جزء من مبنى;ردهة
اثاث او جزء من مبنى;رسم
اثاث او جزء من مبنى;رصيف
اثاث او جزء من مبنى;رف
اثاث او جزء من مبنى;رفوف
اثاث او جزء من مبنى;ركن
اثاث او جزء من مبنى;رواق
اثاث او جزء من مبنى;زبدية
اثاث او جزء من مبنى;زجاج
اثاث او جزء من مبنى;ستائر
اثاث او جزء من مبنى;ستيريو
اثاث او جزء من مبنى;سجادة
اثاث او جزء من مبنى;سجادة
اثاث او جزء من مبنى;سجادة
اثاث او جزء من مبنى;سرير 
اثاث او جزء من مبنى;سقف
اثاث او جزء من مبنى;سقف
اثاث او جزء من مبنى;سكرتير
اثاث او جزء من مبنى;سكين
اثاث او جزء من مبنى;سكين
اثاث او جزء من مبنى;سكين
اثاث او جزء من مبنى;سلم
اثاث او جزء من مبنى;سلم
اثاث او جزء من مبنى;سلم
اثاث او جزء من مبنى;شباك
اثاث او جزء من مبنى;شبكة
اثاث او جزء من مبنى;شرفة
اثاث او جزء من مبنى;شريط
اثاث او جزء من مبنى;شقة
اثاث او جزء من مبنى;شقة
اثاث او جزء من مبنى;شواء
اثاث او جزء من مبنى;شوكات
اثاث او جزء من مبنى;شوكة
اثاث او جزء من مبنى;صالة
اثاث او جزء من مبنى;صحن
اثاث او جزء من مبنى;صفوف
اثاث او جزء من مبنى;صلب
اثاث او جزء من مبنى;صنبور
اثاث او جزء من مبنى;صورة
اثاث او جزء من مبنى;طاحونة
اثاث او جزء من مبنى;طاولة
اثاث او جزء من مبنى;طاولة
اثاث او جزء من مبنى;طبق
اثاث او جزء من مبنى;طعام
اثاث او جزء من مبنى;طنف
اثاث او جزء من مبنى;طية
اثاث او جزء من مبنى;طيران
اثاث او جزء من مبنى;ظل
اثاث او جزء من مبنى;عازلة
اثاث او جزء من مبنى;عداد
اثاث او جزء من مبنى;عرين
اثاث او جزء من مبنى;عضو
اثاث او جزء من مبنى;علبه
اثاث او جزء من مبنى;عليبة
اثاث او جزء من مبنى;عوامة
اثاث او جزء من مبنى;غربال
اثاث او جزء من مبنى;غرفة 
اثاث او جزء من مبنى;غسالة
اثاث او جزء من مبنى;غطاء
اثاث او جزء من مبنى;غلاية
اثاث او جزء من مبنى;فتاحة
اثاث او جزء من مبنى;فرن
اثاث او جزء من مبنى;فرن
اثاث او جزء من مبنى;فطيرة تيرنر
اثاث او جزء من مبنى;فلز
اثاث او جزء من مبنى;فونوغراف
اثاث او جزء من مبنى;قبة
اثاث او جزء من مبنى;قبو
اثاث او جزء من مبنى;قبو
اثاث او جزء من مبنى;قحافة
اثاث او جزء من مبنى;قرميدة
اثاث او جزء من مبنى;قضيب
اثاث او جزء من مبنى;قفل
اثاث او جزء من مبنى;كابل
اثاث او جزء من مبنى;كادنزا 
اثاث او جزء من مبنى;كرسي
اثاث او جزء من مبنى;كنبة
اثاث او جزء من مبنى;كوب
اثاث او جزء من مبنى;كوب
اثاث او جزء من مبنى;كوة
اثاث او جزء من مبنى;كوخ
اثاث او جزء من مبنى;ماكينة 
اثاث او جزء من مبنى;مجال
اثاث او جزء من مبنى;مجرود
اثاث او جزء من مبنى;محمصة
اثاث او جزء من مبنى;مخزنة
اثاث او جزء من مبنى;مخفقة
اثاث او جزء من مبنى;مدخل
اثاث او جزء من مبنى;مدخل
اثاث او جزء من مبنى;مدخل
اثاث او جزء من مبنى;مدخنة
اثاث او جزء من مبنى;مرآة
اثاث او جزء من مبنى;مرحاض
اثاث او جزء من مبنى;مرمدة
اثاث او جزء من مبنى;مزراب
اثاث او جزء من مبنى;مزهرية
اثاث او جزء من مبنى;مصاريع
اثاث او جزء من مبنى;مصباح
اثاث او جزء من مبنى;مصعد
اثاث او جزء من مبنى;مصفاة
اثاث او جزء من مبنى;مصفاة
اثاث او جزء من مبنى;مضمد
اثاث او جزء من مبنى;مطبخ
اثاث او جزء من مبنى;مغرفة
اثاث او جزء من مبنى;مفرمة
اثاث او جزء من مبنى;مقص
اثاث او جزء من مبنى;مقعد
اثاث او جزء من مبنى;مقعد
اثاث او جزء من مبنى;مقلاة
اثاث او جزء من مبنى;مقلاة
اثاث او جزء من مبنى;مقلاة
اثاث او جزء من مبنى;مكتب
اثاث او جزء من مبنى;مكتب
اثاث او جزء من مبنى;مكتب
اثاث او جزء من مبنى;مكشطة
اثاث او جزء من مبنى;مكنسة
اثاث او جزء من مبنى;ملعقة
اثاث او جزء من مبنى;منشفة
اثاث او جزء من مبنى;منضدة 
اثاث او جزء من مبنى;منع
اثاث او جزء من مبنى;موقد
اثاث او جزء من مبنى;موقد
اثاث او جزء من مبنى;ميزان
اثاث او جزء من مبنى;ميكسماستر
اثاث او جزء من مبنى;ناتئة
اثاث او جزء من مبنى;نافذة  
اثاث او جزء من مبنى;هراسة
اثاث او جزء من مبنى;ورقة
اثاث او جزء من مبنى;وسادة
اثاث او جزء من مبنى;وسادة
اثاث او جزء من مبنى;وعاء 
اثاث او جزء من مبنى;ىخرج
اثاث او جزء من مبنى;يبني
الأحجار الكريمة;أمهرست
الأحجار الكريمة;أوبال
الأحجار الكريمة;الذهب
الأحجار الكريمة;الزركون
الأحجار الكريمة;العقيق
الأحجار الكريمة;الكسندريت
الأحجار الكريمة;اللازورد
الأحجار الكريمة;الماس
الأحجار الكريمة;الياقوت
الأحجار الكريمة;اليورانيوم
الأحجار الكريمة;بلاتين
الأحجار الكريمة;بلور
الأحجار الكريمة;توباز
الأحجار الكريمة;جمشت
الأحجار الكريمة;جوهرة
الأحجار الكريمة;جوهرة
الأحجار الكريمة;ذهب
الأحجار الكريمة;زبرجد
الأحجار الكريمة;زمرد
الأحجار الكريمة;صوان
الأحجار الكريمة;عقيق
الأحجار الكريمة;فضة
الأحجار الكريمة;فيروز
الأحجار الكريمة;كوارتز
الأحجار الكريمة;لؤلؤ
الأحجار الكريمة;لؤلؤة
الأحجار الكريمة;نجمة 
الأحجار الكريمة;ياقوت
الأشجار والزهور;البلوط
الأشجار والزهور;أرجواني
الأشجار والزهور;أزلية
الأشجار والزهور;أضاليا
الأشجار والزهور;أقحوان
الأشجار والزهور;أقحوان
الأشجار والزهور;إزهار
الأشجار والزهور;البرتقالي
الأشجار والزهور;البطونية
الأشجار والزهور;البلسا
الأشجار والزهور;البلسم
الأشجار والزهور;الحور 
الأشجار والزهور;الخزامي 
الأشجار والزهور;الرجراج
الأشجار والزهور;الزان
الأشجار والزهور;الزيزفون
الأشجار والزهور;السماق
الأشجار والزهور;الفاوانيا
الأشجار والزهور;القطني
الأشجار والزهور;الكاميلية
الأشجار والزهور;الميموزا
الأشجار والزهور;النرجس 
الأشجار والزهور;الهندباء
الأشجار والزهور;بري
الأشجار والزهور;بغونية
الأشجار والزهور;بلوط
الأشجار والزهور;تأنق
الأشجار والزهور;تفاحة
الأشجار والزهور;توت
الأشجار والزهور;تين
الأشجار والزهور;جراد
الأشجار والزهور;جلد
الأشجار والزهور;جميلة
الأشجار والزهور;جوز
الأشجار والزهور;جوز
الأشجار والزهور;حديقة
الأشجار والزهور;حور
الأشجار والزهور;خصي
الأشجار والزهور;خوخ
الأشجار والزهور;رماد
الأشجار والزهور;ريدبد
الأشجار والزهور;زعفران
الأشجار والزهور;زنبق
الأشجار والزهور;زنبق 
الأشجار والزهور;زهري
الأشجار والزهور;زيزفون
الأشجار والزهور;شتلة
الأشجار والزهور;صفصاف
الأشجار والزهور;صفير
الأشجار والزهور;صمغ
الأشجار والزهور;صنوبر
الأشجار والزهور;ظل
الأشجار والزهور;علم
الأشجار والزهور;فاكهة
الأشجار والزهور;فرساي
الأشجار والزهور;قرنفل
الأشجار والزهور;قزحية
الأشجار والزهور;كرز
الأشجار والزهور;كركديه
الأشجار والزهور;كستناء
الأشجار والزهور;كف
الأشجار والزهور;كمثرى
الأشجار والزهور;لوطي
الأشجار والزهور;ليمون
الأشجار والزهور;مطاط
الأشجار والزهور;موز
الأشجار والزهور;نبات
الأشجار والزهور;نبات
الأشجار والزهور;نرجس
الأشجار والزهور;نفل
الأشجار والزهور;هولي
الالوان ;أبيض
الالوان ;أحمر
الالوان ;أخضر
الالوان ;أرجواني
الالوان ;أرجواني
الالوان ;أزرق
الالوان ;أسمر
الالوان ;أسمر
الالوان ;أسود
الالوان ;أصفر
الالوان ;أكوا
الالوان ;البرتقالي
الالوان ;البيج
الالوان ;الخزامي
الالوان ;الذهب
الالوان ;القرمزي
الالوان ;القرمزي
الالوان ;النيلي
الالوان ;بنفسجي
الالوان ;بنفسجي
الالوان ;خوخي
الالوان ;رمادي
الالوان ;زمردي
الالوان ;زيتوني
الالوان ;سماوي
الالوان ;شقراء
الالوان ;عاجي
الالوان ;عنابي
الالوان ;فضي
الالوان ;فيروز
الالوان ;كريم
الالوان ;كستنائي
الالوان ;كستنائي
الالوان ;كهرمان
الالوان ;ليموني
الالوان ;وردي
الالوان ;وردي
الالوان ;ياقوتي
الالوان ;يوسفي
الجرائم و الاسلحة;زور
الجرائم و الاسلحة;أذى
الجرائم و الاسلحة;إزعاج 
الجرائم و الاسلحة;ابتزاز
الجرائم و الاسلحة;اختلاس
الجرائم و الاسلحة;اضرب
الجرائم و الاسلحة;اغتصاب
الجرائم و الاسلحة;اغتيال
الجرائم و الاسلحة;افتراء
الجرائم و الاسلحة;الإجهاض
الجرائم و الاسلحة;الاعتداء 
الجرائم و الاسلحة;الاعتداءات
الجرائم و الاسلحة;التحرش
الجرائم و الاسلحة;الحديد الاطارات
الجرائم و الاسلحة;الرمح
الجرائم و الاسلحة;الزنا
الجرائم و الاسلحة;السبب
الجرائم و الاسلحة;السطو
الجرائم و الاسلحة;السكين
الجرائم و الاسلحة;السم
الجرائم و الاسلحة;السهم
الجرائم و الاسلحة;الضرب
الجرائم و الاسلحة;العضلات
الجرائم و الاسلحة;القبضات
الجرائم و الاسلحة;القذاف 
الجرائم و الاسلحة;القمار
الجرائم و الاسلحة;القوس
الجرائم و الاسلحة;الكذب
الجرائم و الاسلحة;اللهب
الجرائم و الاسلحة;اللواط
الجرائم و الاسلحة;الليزر
الجرائم و الاسلحة;المثلية
الجرائم و الاسلحة;المخدرات
الجرائم و الاسلحة;المخل
الجرائم و الاسلحة;المدفعية
الجرائم و الاسلحة;المفاصل
الجرائم و الاسلحة;النادي
الجرائم و الاسلحة;النفاق
الجرائم و الاسلحة;انتحار
الجرائم و الاسلحة;بازوكا
الجرائم و الاسلحة;براغي
الجرائم و الاسلحة;بندقية
الجرائم و الاسلحة;بندقية
الجرائم و الاسلحة;بندقية
الجرائم و الاسلحة;بندقية 
الجرائم و الاسلحة;بنك
الجرائم و الاسلحة;تجسس
الجرائم و الاسلحة;تخريب
الجرائم و الاسلحة;تخريب
الجرائم و الاسلحة;تدمير
الجرائم و الاسلحة;تزوير
الجرائم و الاسلحة;تزوير 
الجرائم و الاسلحة;تشرد
الجرائم و الاسلحة;تشهير
الجرائم و الاسلحة;تهريب
الجرائم و الاسلحة;جراثيم
الجرائم و الاسلحة;جناية
الجرائم و الاسلحة;جنحة
الجرائم و الاسلحة;حبل
الجرائم و الاسلحة;حجر
الجرائم و الاسلحة;حرب
الجرائم و الاسلحة;حرب
الجرائم و الاسلحة;حربة
الجرائم و الاسلحة;حربة
الجرائم و الاسلحة;حرق
الجرائم و الاسلحة;خانق
الجرائم و الاسلحة;خداع
الجرائم و الاسلحة;خرطوم
الجرائم و الاسلحة;خزان
الجرائم و الاسلحة;خطف
الجرائم و الاسلحة;خطيئة
الجرائم و الاسلحة;خنجر
الجرائم و الاسلحة;خنجر
الجرائم و الاسلحة;خيانة
الجرائم و الاسلحة;دبوس
الجرائم و الاسلحة;ذراع
الجرائم و الاسلحة;رشاش
الجرائم و الاسلحة;رشوة
الجرائم و الاسلحة;رصاصة
الجرائم و الاسلحة;رمح
الجرائم و الاسلحة;رمح 
الجرائم و الاسلحة;زجاج
الجرائم و الاسلحة;زجاجة
الجرائم و الاسلحة;سرقة
الجرائم و الاسلحة;سرقة
الجرائم و الاسلحة;سرقة
الجرائم و الاسلحة;سرقة
الجرائم و الاسلحة;سرقة
الجرائم و الاسلحة;سرقة بنك
الجرائم و الاسلحة;سكين
الجرائم و الاسلحة;سلاح 
الجرائم و الاسلحة;سلسلة
الجرائم و الاسلحة;سم
الجرائم و الاسلحة;سهم
الجرائم و الاسلحة;سوط
الجرائم و الاسلحة;سيارة
الجرائم و الاسلحة;سيف
الجرائم و الاسلحة;سيف 
الجرائم و الاسلحة;شاكوش
الجرائم و الاسلحة;شرطة
الجرائم و الاسلحة;شفرة
الجرائم و الاسلحة;شفرة
الجرائم و الاسلحة;شمعدان
الجرائم و الاسلحة;شهوة
الجرائم و الاسلحة;شوكة
الجرائم و الاسلحة;صاروخ
الجرائم و الاسلحة;صاروخ
الجرائم و الاسلحة;صخرة
الجرائم و الاسلحة;ضرب
الجرائم و الاسلحة;طعن
الجرائم و الاسلحة;عصا
الجرائم و الاسلحة;عقاب
الجرائم و الاسلحة;غاز
الجرائم و الاسلحة;غاز 
الجرائم و الاسلحة;غش
الجرائم و الاسلحة;فأس
الجرائم و الاسلحة;فأس
الجرائم و الاسلحة;فأس
الجرائم و الاسلحة;فحشاء
الجرائم و الاسلحة;فلز
الجرائم و الاسلحة;قاذف 
الجرائم و الاسلحة;قارب
الجرائم و الاسلحة;قالب
الجرائم و الاسلحة;قتال
الجرائم و الاسلحة;قتل
الجرائم و الاسلحة;قتل
الجرائم و الاسلحة;قدم
الجرائم و الاسلحة;قصب
الجرائم و الاسلحة;قضيب
الجرائم و الاسلحة;قنبلة
الجرائم و الاسلحة;قنبلة
الجرائم و الاسلحة;قنبلة 
الجرائم و الاسلحة;قنبلة نووية
الجرائم و الاسلحة;قوس
الجرائم و الاسلحة;كتاب
الجرائم و الاسلحة;كرسي
الجرائم و الاسلحة;كسر
الجرائم و الاسلحة;كلمات
الجرائم و الاسلحة;لعبة ورق
الجرائم و الاسلحة;مجرفة
الجرائم و الاسلحة;مخالفات مرورية
الجرائم و الاسلحة;مدفع
الجرائم و الاسلحة;مدفع
الجرائم و الاسلحة;مذراة
الجرائم و الاسلحة;مسدس
الجرائم و الاسلحة;مسدس
الجرائم و الاسلحة;مسمار
الجرائم و الاسلحة;مضرب
الجرائم و الاسلحة;مطار
الجرائم و الاسلحة;مقص
الجرائم و الاسلحة;مقلاع
الجرائم و الاسلحة;منجل
الجرائم و الاسلحة;منجل
الجرائم و الاسلحة;منجنيق
الجرائم و الاسلحة;موس
الجرائم و الاسلحة;نار
الجرائم و الاسلحة;نسف
الجرائم و الاسلحة;نشاب
الجرائم و الاسلحة;نشال
الجرائم و الاسلحة;نهب
الجرائم و الاسلحة;هجر
الجرائم و الاسلحة;هجوم
الجرائم و الاسلحة;هراوة 
الجرائم و الاسلحة;وثبة
الجرائم و الاسلحة;وشاح
الجرائم و الاسلحة;يبيعان
الجرائم و الاسلحة;يد
الجرائم و الاسلحة;يضخ
الجرائم و الاسلحة;ينحني
الجسم البشري و الامراض;الزهري
الجسم البشري و الامراض;السكري
الجسم البشري و الامراض;السل
الجسم البشري و الامراض;السيلان
الجسم البشري و الامراض;الفخذ
الجسم البشري و الامراض;أجهزة
الجسم البشري و الامراض;أسلحة
الجسم البشري و الامراض;أطرافه
الجسم البشري و الامراض;أكتاف
الجسم البشري و الامراض;أنف
الجسم البشري و الامراض;أنفلونزا
الجسم البشري و الامراض;إدمان 
الجسم البشري و الامراض;إذن
الجسم البشري و الامراض;إسهال
الجسم البشري و الامراض;إسهال
الجسم البشري و الامراض;إكليلي
الجسم البشري و الامراض;إنفلونزا
الجسم البشري و الامراض;ابهام
الجسم البشري و الامراض;الأربطة
الجسم البشري و الامراض;الأرقام
الجسم البشري و الامراض;الأعصاب
الجسم البشري و الامراض;الأمعاء
الجسم البشري و الامراض;الأمعاء 
الجسم البشري و الامراض;الأورام
الجسم البشري و الامراض;الأوردة
الجسم البشري و الامراض;الأوعية 
الجسم البشري و الامراض;الالتهاب 
الجسم البشري و الامراض;البرد
الجسم البشري و الامراض;التسمم 
الجسم البشري و الامراض;التفوئيد
الجسم البشري و الامراض;الجسم
الجسم البشري و الامراض;الحصبة
الجسم البشري و الامراض;الخد
الجسم البشري و الامراض;الخصيتين
الجسم البشري و الامراض;الخصيتين
الجسم البشري و الامراض;الرئتين
الجسم البشري و الامراض;الربو
الجسم البشري و الامراض;الزرق
الجسم البشري و الامراض;الساق
الجسم البشري و الامراض;الساقين
الجسم البشري و الامراض;السعال 
الجسم البشري و الامراض;الشرايين
الجسم البشري و الامراض;الصدفية
الجسم البشري و الامراض;الطاعون 
الجسم البشري و الامراض;العجول
الجسم البشري و الامراض;العضلات
الجسم البشري و الامراض;العنق
الجسم البشري و الامراض;الغدد
الجسم البشري و الامراض;الغنغرينا
الجسم البشري و الامراض;الفخذين
الجسم البشري و الامراض;الكاحل
الجسم البشري و الامراض;الكزاز
الجسم البشري و الامراض;الكلى
الجسم البشري و الامراض;المرارة
الجسم البشري و الامراض;المريء
الجسم البشري و الامراض;المفاصل
الجسم البشري و الامراض;الملحق
الجسم البشري و الامراض;المهبل
الجسم البشري و الامراض;النكاف
الجسم البشري و الامراض;الهموفيليا 
الجسم البشري و الامراض;الوسطى
الجسم البشري و الامراض;بشرة
الجسم البشري و الامراض;بطن
الجسم البشري و الامراض;بطن
الجسم البشري و الامراض;بنصر
الجسم البشري و الامراض;بنكرياس
الجسم البشري و الامراض;ترقوة
الجسم البشري و الامراض;تريسب
الجسم البشري و الامراض;تسمم 
الجسم البشري و الامراض;ثدي
الجسم البشري و الامراض;جدري
الجسم البشري و الامراض;جدري 
الجسم البشري و الامراض;جذام
الجسم البشري و الامراض;جذع
الجسم البشري و الامراض;جمجمة
الجسم البشري و الامراض;حاجب
الجسم البشري و الامراض;حساسية
الجسم البشري و الامراض;حلق
الجسم البشري و الامراض;حمة
الجسم البشري و الامراض;حمى 
الجسم البشري و الامراض;حوض
الجسم البشري و الامراض;خندق الفم
الجسم البشري و الامراض;خنصر
الجسم البشري و الامراض;دم
الجسم البشري و الامراض;دماغ
الجسم البشري و الامراض;ذقن
الجسم البشري و الامراض;رئة
الجسم البشري و الامراض;رئيس
الجسم البشري و الامراض;ركبة
الجسم البشري و الامراض;روماتزم
الجسم البشري و الامراض;ساعد
الجسم البشري و الامراض;سرطان
الجسم البشري و الامراض;سعال
الجسم البشري و الامراض;سن
الجسم البشري و الامراض;شرج
الجسم البشري و الامراض;شعر
الجسم البشري و الامراض;شفاه
الجسم البشري و الامراض;شلل
الجسم البشري و الامراض;شلل
الجسم البشري و الامراض;شلل 
الجسم البشري و الامراض;صدر
الجسم البشري و الامراض;صدر
الجسم البشري و الامراض;صرع
الجسم البشري و الامراض;ضلوع
الجسم البشري و الامراض;طاعون
الجسم البشري و الامراض;طحال
الجسم البشري و الامراض;ظفر
الجسم البشري و الامراض;ظهر
الجسم البشري و الامراض;عظم
الجسم البشري و الامراض;عقل
الجسم البشري و الامراض;عين
الجسم البشري و الامراض;فالوب
الجسم البشري و الامراض;فطر
الجسم البشري و الامراض;فم
الجسم البشري و الامراض;فيروس
الجسم البشري و الامراض;قدم
الجسم البشري و الامراض;قصبة
الجسم البشري و الامراض;قصبة 
الجسم البشري و الامراض;قضيب
الجسم البشري و الامراض;قلب
الجسم البشري و الامراض;كبد
الجسم البشري و الامراض;كوع
الجسم البشري و الامراض;كوليرا
الجسم البشري و الامراض;لسان
الجسم البشري و الامراض;مبيض
الجسم البشري و الامراض;مثانة
الجسم البشري و الامراض;مريء
الجسم البشري و الامراض;مستقيم
الجسم البشري و الامراض;مسمار
الجسم البشري و الامراض;معدة
الجسم البشري و الامراض;معصم
الجسم البشري و الامراض;ملاريا
الجسم البشري و الامراض;هيكل
الجسم البشري و الامراض;وجه
الجسم البشري و الامراض;ورك
الجسم البشري و الامراض;وسط
الجسم البشري و الامراض;وضيع
الجسم البشري و الامراض;يد
الخضروات الفواكه و نكه الطعام;البصل
الخضروات الفواكه و نكه الطعام;التارتار
الخضروات الفواكه و نكه الطعام;الصويا
الخضروات الفواكه و نكه الطعام;العليق
الخضروات الفواكه و نكه الطعام;الكرفس
الخضروات الفواكه و نكه الطعام;الكرفس
الخضروات الفواكه و نكه الطعام;شطة
الخضروات الفواكه و نكه الطعام;أرز
الخضروات الفواكه و نكه الطعام;أعشاب
الخضروات الفواكه و نكه الطعام;أفوكادو
الخضروات الفواكه و نكه الطعام;أفوكادو
الخضروات الفواكه و نكه الطعام;أناناس
الخضروات الفواكه و نكه الطعام;أناناس
الخضروات الفواكه و نكه الطعام;إسكارول
الخضروات الفواكه و نكه الطعام;استخراج
الخضروات الفواكه و نكه الطعام;الأنشوجة
الخضروات الفواكه و نكه الطعام;الباذنجان
الخضروات الفواكه و نكه الطعام;البرتقال
الخضروات الفواكه و نكه الطعام;البرتقالي
الخضروات الفواكه و نكه الطعام;البرقوق
الخضروات الفواكه و نكه الطعام;البطاطس
الخضروات الفواكه و نكه الطعام;البطيخ
الخضروات الفواكه و نكه الطعام;البطيخ
الخضروات الفواكه و نكه الطعام;البنجر
الخضروات الفواكه و نكه الطعام;البندق
الخضروات الفواكه و نكه الطعام;الثوم 
الخضروات الفواكه و نكه الطعام;الخس
الخضروات الفواكه و نكه الطعام;الخوخ
الخضروات الفواكه و نكه الطعام;السكر
الخضروات الفواكه و نكه الطعام;السكرين
الخضروات الفواكه و نكه الطعام;الفاصوليا
الخضروات الفواكه و نكه الطعام;الفراولة
الخضروات الفواكه و نكه الطعام;الفراولة
الخضروات الفواكه و نكه الطعام;الفلفل
الخضروات الفواكه و نكه الطعام;الكركم
الخضروات الفواكه و نكه الطعام;الكرنب
الخضروات الفواكه و نكه الطعام;اللفت 
الخضروات الفواكه و نكه الطعام;الملفوف
الخضروات الفواكه و نكه الطعام;المن
الخضروات الفواكه و نكه الطعام;بابايا
الخضروات الفواكه و نكه الطعام;بازيلا
الخضروات الفواكه و نكه الطعام;بامية
الخضروات الفواكه و نكه الطعام;براندي
الخضروات الفواكه و نكه الطعام;بروكلي
الخضروات الفواكه و نكه الطعام;بصل
الخضروات الفواكه و نكه الطعام;بصل
الخضروات الفواكه و نكه الطعام;بقدونس
الخضروات الفواكه و نكه الطعام;بقدونس
الخضروات الفواكه و نكه الطعام;بيري
الخضروات الفواكه و نكه الطعام;بيض
الخضروات الفواكه و نكه الطعام;تفاحة
الخضروات الفواكه و نكه الطعام;تفاحة
الخضروات الفواكه و نكه الطعام;تمر
الخضروات الفواكه و نكه الطعام;توابل
الخضروات الفواكه و نكه الطعام;توابل
الخضروات الفواكه و نكه الطعام;توابل
الخضروات الفواكه و نكه الطعام;توت
الخضروات الفواكه و نكه الطعام;توت
الخضروات الفواكه و نكه الطعام;تين
الخضروات الفواكه و نكه الطعام;ثمرة
الخضروات الفواكه و نكه الطعام;ثوم
الخضروات الفواكه و نكه الطعام;جبن
الخضروات الفواكه و نكه الطعام;جريب
الخضروات الفواكه و نكه الطعام;جزرة
الخضروات الفواكه و نكه الطعام;جوز
الخضروات الفواكه و نكه الطعام;جوزة 
الخضروات الفواكه و نكه الطعام;جير
الخضروات الفواكه و نكه الطعام;جير
الخضروات الفواكه و نكه الطعام;حبة
الخضروات الفواكه و نكه الطعام;حريف
الخضروات الفواكه و نكه الطعام;حكيم
الخضروات الفواكه و نكه الطعام;حليب
الخضروات الفواكه و نكه الطعام;خردل
الخضروات الفواكه و نكه الطعام;خرشوف
الخضروات الفواكه و نكه الطعام;خضرة
الخضروات الفواكه و نكه الطعام;خل
الخضروات الفواكه و نكه الطعام;خوخ
الخضروات الفواكه و نكه الطعام;خيار
الخضروات الفواكه و نكه الطعام;راوند
الخضروات الفواكه و نكه الطعام;رمان
الخضروات الفواكه و نكه الطعام;ريحان
الخضروات الفواكه و نكه الطعام;زبدة
الخضروات الفواكه و نكه الطعام;زبيب
الخضروات الفواكه و نكه الطعام;زعتر
الخضروات الفواكه و نكه الطعام;زليقة
الخضروات الفواكه و نكه الطعام;زنجبيل
الخضروات الفواكه و نكه الطعام;زيتون
الخضروات الفواكه و نكه الطعام;سبانخ
الخضروات الفواكه و نكه الطعام;سمسم
الخضروات الفواكه و نكه الطعام;سمن
الخضروات الفواكه و نكه الطعام;شبت
الخضروات الفواكه و نكه الطعام;شعير
الخضروات الفواكه و نكه الطعام;شمام
الخضروات الفواكه و نكه الطعام;شمام
الخضروات الفواكه و نكه الطعام;شوكولاتة
الخضروات الفواكه و نكه الطعام;صلصة
الخضروات الفواكه و نكه الطعام;صلصة 
الخضروات الفواكه و نكه الطعام;طحين
الخضروات الفواكه و نكه الطعام;طماطم
الخضروات الفواكه و نكه الطعام;طماطم
الخضروات الفواكه و نكه الطعام;عنب
الخضروات الفواكه و نكه الطعام;فاصوليا
الخضروات الفواكه و نكه الطعام;فانيلا
الخضروات الفواكه و نكه الطعام;فجل
الخضروات الفواكه و نكه الطعام;فجل 
الخضروات الفواكه و نكه الطعام;فحم
الخضروات الفواكه و نكه الطعام;فطر
الخضروات الفواكه و نكه الطعام;فطر
الخضروات الفواكه و نكه الطعام;فلفل
الخضروات الفواكه و نكه الطعام;فلفل
الخضروات الفواكه و نكه الطعام;قرع
الخضروات الفواكه و نكه الطعام;قرفة
الخضروات الفواكه و نكه الطعام;قرنبيط
الخضروات الفواكه و نكه الطعام;قرنفل
الخضروات الفواكه و نكه الطعام;قهوة
الخضروات الفواكه و نكه الطعام;كاتشب
الخضروات الفواكه و نكه الطعام;كاري
الخضروات الفواكه و نكه الطعام;كحول
الخضروات الفواكه و نكه الطعام;كرة قدم
الخضروات الفواكه و نكه الطعام;كرز
الخضروات الفواكه و نكه الطعام;كرز
الخضروات الفواكه و نكه الطعام;كرفس
الخضروات الفواكه و نكه الطعام;كرفس
الخضروات الفواكه و نكه الطعام;كرنب
الخضروات الفواكه و نكه الطعام;كريم
الخضروات الفواكه و نكه الطعام;كمثرى
الخضروات الفواكه و نكه الطعام;كمثرى
الخضروات الفواكه و نكه الطعام;لهجة
الخضروات الفواكه و نكه الطعام;لوز
الخضروات الفواكه و نكه الطعام;ليمون
الخضروات الفواكه و نكه الطعام;ليمون
الخضروات الفواكه و نكه الطعام;مانجو
الخضروات الفواكه و نكه الطعام;مايونيز
الخضروات الفواكه و نكه الطعام;مردقوش
الخضروات الفواكه و نكه الطعام;مشمش
الخضروات الفواكه و نكه الطعام;مصطنع
الخضروات الفواكه و نكه الطعام;مغرض
الخضروات الفواكه و نكه الطعام;ملح
الخضروات الفواكه و نكه الطعام;ملون 
الخضروات الفواكه و نكه الطعام;موز
الخضروات الفواكه و نكه الطعام;نبيذ
الخضروات الفواكه و نكه الطعام;نعناع
الخضروات الفواكه و نكه الطعام;نعناع
الخضروات الفواكه و نكه الطعام;ورطة
الخضروات الفواكه و نكه الطعام;يانسون
الخضروات الفواكه و نكه الطعام;يقطين
الخضروات الفواكه و نكه الطعام;ينترغرين
الخضروات الفواكه و نكه الطعام;يوسفي
الكرة الارضية و الطقس;البركان
الكرة الارضية و الطقس;الحرارة
الكرة الارضية و الطقس;بركان
الكرة الارضية و الطقس;ثلج
الكرة الارضية و الطقس;جليد
الكرة الارضية و الطقس;أرض
الكرة الارضية و الطقس;أرض
الكرة الارضية و الطقس;إعصار
الكرة الارضية و الطقس;ارويو
الكرة الارضية و الطقس;اعصار
الكرة الارضية و الطقس;الإعصار
الكرة الارضية و الطقس;الاستحمام
الكرة الارضية و الطقس;البراري
الكرة الارضية و الطقس;البرد
الكرة الارضية و الطقس;البرد
الكرة الارضية و الطقس;البروز
الكرة الارضية و الطقس;التراب
الكرة الارضية و الطقس;التل
الكرة الارضية و الطقس;الحار
الكرة الارضية و الطقس;الحجري
الكرة الارضية و الطقس;الحرارة
الكرة الارضية و الطقس;الحصى
الكرة الارضية و الطقس;الرعد
الكرة الارضية و الطقس;السهول
الكرة الارضية و الطقس;الشقوق
الكرة الارضية و الطقس;الضغط
الكرة الارضية و الطقس;الفجوة
الكرة الارضية و الطقس;المجوفة
الكرة الارضية و الطقس;الوادي
الكرة الارضية و الطقس;بحر
الكرة الارضية و الطقس;بحيرة
الكرة الارضية و الطقس;برق
الكرة الارضية و الطقس;بركان
الكرة الارضية و الطقس;بركة 
الكرة الارضية و الطقس;بنك
الكرة الارضية و الطقس;تربة
الكرة الارضية و الطقس;ترتفع
الكرة الارضية و الطقس;تل
الكرة الارضية و الطقس;تل
الكرة الارضية و الطقس;ثلج
الكرة الارضية و الطقس;جاف
الكرة الارضية و الطقس;جبل
الكرة الارضية و الطقس;جدول
الكرة الارضية و الطقس;جرف
الكرة الارضية و الطقس;جزيرة
الكرة الارضية و الطقس;جسر 
الكرة الارضية و الطقس;جفاف
الكرة الارضية و الطقس;جلمود
الكرة الارضية و الطقس;جليد
الكرة الارضية و الطقس;حجر
الكرة الارضية و الطقس;حنجرة
الكرة الارضية و الطقس;حوض
الكرة الارضية و الطقس;خطأ
الكرة الارضية و الطقس;خليج
الكرة الارضية و الطقس;خليج
الكرة الارضية و الطقس;دافئ
الكرة الارضية و الطقس;دلتا
الكرة الارضية و الطقس;ربيع
الكرة الارضية و الطقس;رذاذ
الكرة الارضية و الطقس;رطب
الكرة الارضية و الطقس;رطوبة
الكرة الارضية و الطقس;رطوبة
الكرة الارضية و الطقس;رعن
الكرة الارضية و الطقس;ركام
الكرة الارضية و الطقس;رمل
الكرة الارضية و الطقس;ريح 
الكرة الارضية و الطقس;زلزال
الكرة الارضية و الطقس;زلزال
الكرة الارضية و الطقس;زهور
الكرة الارضية و الطقس;زوبعة
الكرة الارضية و الطقس;سحاب
الكرة الارضية و الطقس;سد
الكرة الارضية و الطقس;سرج
الكرة الارضية و الطقس;سهوب
الكرة الارضية و الطقس;شاطئ
الكرة الارضية و الطقس;شجرة
الكرة الارضية و الطقس;شق
الكرة الارضية و الطقس;شق
الكرة الارضية و الطقس;شلال
الكرة الارضية و الطقس;شمس
الكرة الارضية و الطقس;صحراء
الكرة الارضية و الطقس;صخرة
الكرة الارضية و الطقس;صرخة
الكرة الارضية و الطقس;صقيع
الكرة الارضية و الطقس;صواعد
الكرة الارضية و الطقس;ضباب
الكرة الارضية و الطقس;ضباب
الكرة الارضية و الطقس;ضباب
الكرة الارضية و الطقس;ضباب 
الكرة الارضية و الطقس;ضبابي
الكرة الارضية و الطقس;ضغط 
الكرة الارضية و الطقس;طين
الكرة الارضية و الطقس;طين
الكرة الارضية و الطقس;عادي
الكرة الارضية و الطقس;عاصفة
الكرة الارضية و الطقس;عاصفة
الكرة الارضية و الطقس;عتبة
الكرة الارضية و الطقس;غائم
الكرة الارضية و الطقس;غابة
الكرة الارضية و الطقس;غبار
الكرة الارضية و الطقس;غدير
الكرة الارضية و الطقس;فحم
الكرة الارضية و الطقس;قارة
الكرة الارضية و الطقس;قمة
الكرة الارضية و الطقس;قمة
الكرة الارضية و الطقس;قمة
الكرة الارضية و الطقس;كانيون
الكرة الارضية و الطقس;كثيب
الكرة الارضية و الطقس;كسوف
الكرة الارضية و الطقس;كهف
الكرة الارضية و الطقس;كهف
الكرة الارضية و الطقس;ماء
الكرة الارضية و الطقس;ماطر
الكرة الارضية و الطقس;مجرى
الكرة الارضية و الطقس;مجلدة
الكرة الارضية و الطقس;محيط
الكرة الارضية و الطقس;مخادعة
الكرة الارضية و الطقس;مرج
الكرة الارضية و الطقس;مرفأ
الكرة الارضية و الطقس;مستنقع
الكرة الارضية و الطقس;مشمس
الكرة الارضية و الطقس;مطر
الكرة الارضية و الطقس;معتدل
الكرة الارضية و الطقس;معدني
الكرة الارضية و الطقس;منخفض
الكرة الارضية و الطقس;موجة 
الكرة الارضية و الطقس;ميسا
الكرة الارضية و الطقس;ميل
الكرة الارضية و الطقس;نبات
الكرة الارضية و الطقس;نجيل
الكرة الارضية و الطقس;نسيم
الكرة الارضية و الطقس;نهر
الكرة الارضية و الطقس;هدوء
الكرة الارضية و الطقس;هضبة
الكرة الارضية و الطقس;هضبة
الكرة الارضية و الطقس;هوة
الكرة الارضية و الطقس;وابل
الكرة الارضية و الطقس;واد
الكرة الارضية و الطقس;واد
الكرة الارضية و الطقس;واد 
الكرة الارضية و الطقس;وهد
الكرة الارضية و الطقس;يصب
الكرة الارضية و الطقس;ينفخ
الملاس و انواع الاقمشة;الحرير
الملاس و انواع الاقمشة;حرير
الملاس و انواع الاقمشة;شيرت
الملاس و انواع الاقمشة;أحذية
الملاس و انواع الاقمشة;أحذية
الملاس و انواع الاقمشة;أرنيل
الملاس و انواع الاقمشة;أسكوت
الملاس و انواع الاقمشة;أكسفورد
الملاس و انواع الاقمشة;ابقى
الملاس و انواع الاقمشة;الأحذية
الملاس و انواع الاقمشة;الأورجانزا
الملاس و انواع الاقمشة;الأورجانزا
الملاس و انواع الاقمشة;الباتيستة
الملاس و انواع الاقمشة;البوليستر
الملاس و انواع الاقمشة;التفتة
الملاس و انواع الاقمشة;الجبهام
الملاس و انواع الاقمشة;الجوخ
الملاس و انواع الاقمشة;الرأس
الملاس و انواع الاقمشة;السترة
الملاس و انواع الاقمشة;السرة
الملاس و انواع الاقمشة;السويد
الملاس و انواع الاقمشة;الشانتون
الملاس و انواع الاقمشة;الصدف
الملاس و انواع الاقمشة;الفانيلي
الملاس و انواع الاقمشة;القطن
الملاس و انواع الاقمشة;القطيفة 
الملاس و انواع الاقمشة;القماش
الملاس و انواع الاقمشة;الكشمير
الملاس و انواع الاقمشة;المخمل
الملاس و انواع الاقمشة;المخملية
الملاس و انواع الاقمشة;المخير
الملاس و انواع الاقمشة;النايلون
الملاس و انواع الاقمشة;انزلاق
الملاس و انواع الاقمشة;بدلة
الملاس و انواع الاقمشة;بدلة 
الملاس و انواع الاقمشة;بذلة
الملاس و انواع الاقمشة;برمودا
الملاس و انواع الاقمشة;بعيدا
الملاس و انواع الاقمشة;بلوزة
الملاس و انواع الاقمشة;بنطال
الملاس و انواع الاقمشة;بنطال
الملاس و انواع الاقمشة;بنطلون
الملاس و انواع الاقمشة;تحول
الملاس و انواع الاقمشة;تنورة
الملاس و انواع الاقمشة;ثوب 
الملاس و انواع الاقمشة;ثياب 
الملاس و انواع الاقمشة;جلد
الملاس و انواع الاقمشة;جلد
الملاس و انواع الاقمشة;جلد
الملاس و انواع الاقمشة;جوارب
الملاس و انواع الاقمشة;جوارب
الملاس و انواع الاقمشة;جوك
الملاس و انواع الاقمشة;جيرسي
الملاس و انواع الاقمشة;جيرسي
الملاس و انواع الاقمشة;جينز
الملاس و انواع الاقمشة;حزام
الملاس و انواع الاقمشة;حزام
الملاس و انواع الاقمشة;خرقة
الملاس و انواع الاقمشة;خلات
الملاس و انواع الاقمشة;خواتم
الملاس و انواع الاقمشة;دمشقي
الملاس و انواع الاقمشة;ديكي
الملاس و انواع الاقمشة;راقب
الملاس و انواع الاقمشة;رداء
الملاس و انواع الاقمشة;رمح
الملاس و انواع الاقمشة;زركش
الملاس و انواع الاقمشة;سترة
الملاس و انواع الاقمشة;سترة
الملاس و انواع الاقمشة;سترة
الملاس و انواع الاقمشة;سراويل
الملاس و انواع الاقمشة;سوار
الملاس و انواع الاقمشة;سيرج
الملاس و انواع الاقمشة;سيلانيز
الملاس و انواع الاقمشة;شريط
الملاس و انواع الاقمشة;شعر
الملاس و انواع الاقمشة;شفاف
الملاس و انواع الاقمشة;صوف
الملاس و انواع الاقمشة;غزل
الملاس و انواع الاقمشة;غطاء 
الملاس و انواع الاقمشة;فستان
الملاس و انواع الاقمشة;قبعة
الملاس و انواع الاقمشة;قبعة
الملاس و انواع الاقمشة;قطن
الملاس و انواع الاقمشة;قطني
الملاس و انواع الاقمشة;قفاز
الملاس و انواع الاقمشة;قفازات
الملاس و انواع الاقمشة;قماش
الملاس و انواع الاقمشة;قماش
الملاس و انواع الاقمشة;قماش
الملاس و انواع الاقمشة;قماش
الملاس و انواع الاقمشة;قميص
الملاس و انواع الاقمشة;قميص 
الملاس و انواع الاقمشة;كاليكو
الملاس و انواع الاقمشة;كتان
الملاس و انواع الاقمشة;كريب
الملاس و انواع الاقمشة;كولوتيس
الملاس و انواع الاقمشة;لباس 
الملاس و انواع الاقمشة;ليفي
الملاس و انواع الاقمشة;مئزر
الملاس و انواع الاقمشة;محفظة
الملاس و انواع الاقمشة;مشمع
الملاس و انواع الاقمشة;معطف
الملاس و انواع الاقمشة;معطف
الملاس و انواع الاقمشة;معطف
الملاس و انواع الاقمشة;منديل
الملاس و انواع الاقمشة;منشفة
الملاس و انواع الاقمشة;نسيج 
الملاس و انواع الاقمشة;نسيج صوفي
الملاس و انواع الاقمشة;هائج
الملاس و انواع الاقمشة;ورقة
الملاس و انواع الاقمشة;وسام
الملاس و انواع الاقمشة;وشاح
حيوانات حشرات زواحف;السالمون
حيوانات حشرات زواحف;العقرب
حيوانات حشرات زواحف;أبيض
حيوانات حشرات زواحف;أخضر
حيوانات حشرات زواحف;أخطبوط
حيوانات حشرات زواحف;أسد
حيوانات حشرات زواحف;أسود
حيوانات حشرات زواحف;أفعى
حيوانات حشرات زواحف;أفعى
حيوانات حشرات زواحف;أفعى
حيوانات حشرات زواحف;أوز
حيوانات حشرات زواحف;إبله
حيوانات حشرات زواحف;إكليل
حيوانات حشرات زواحف;استوائي
حيوانات حشرات زواحف;الأ بوسومي
حيوانات حشرات زواحف;الأ سلوت
حيوانات حشرات زواحف;الانقليس
حيوانات حشرات زواحف;البخاخ
حيوانات حشرات زواحف;البراكودا
حيوانات حشرات زواحف;البطة
حيوانات حشرات زواحف;البغروس
حيوانات حشرات زواحف;البلشون
حيوانات حشرات زواحف;التابير 
حيوانات حشرات زواحف;التدرج
حيوانات حشرات زواحف;الثعبان
حيوانات حشرات زواحف;الثعبان
حيوانات حشرات زواحف;الثور
حيوانات حشرات زواحف;الجراد
حيوانات حشرات زواحف;الحجل
حيوانات حشرات زواحف;الحدوق
حيوانات حشرات زواحف;الخيشوم
حيوانات حشرات زواحف;الرنة
حيوانات حشرات زواحف;الريش
حيوانات حشرات زواحف;الزيز
حيوانات حشرات زواحف;السنونو
حيوانات حشرات زواحف;السوادية
حيوانات حشرات زواحف;الصفارية
حيوانات حشرات زواحف;الغوفر 
حيوانات حشرات زواحف;الفضي
حيوانات حشرات زواحف;القذذ
حيوانات حشرات زواحف;القرقف
حيوانات حشرات زواحف;الكارب
حيوانات حشرات زواحف;الكرابي
حيوانات حشرات زواحف;الكوبرا
حيوانات حشرات زواحف;اللادغة
حيوانات حشرات زواحف;المطرقة
حيوانات حشرات زواحف;النحاسي
حيوانات حشرات زواحف;النيص
حيوانات حشرات زواحف;الهامور
حيوانات حشرات زواحف;الهمستر 
حيوانات حشرات زواحف;الوشق
حيوانات حشرات زواحف;اليعسوب
حيوانات حشرات زواحف;ببغاء
حيوانات حشرات زواحف;بجعة
حيوانات حشرات زواحف;برغوث
حيوانات حشرات زواحف;بطة
حيوانات حشرات زواحف;بعوض
حيوانات حشرات زواحف;بق
حيوانات حشرات زواحف;بقرة
حيوانات حشرات زواحف;بقعة
حيوانات حشرات زواحف;بلانبوس  
حيوانات حشرات زواحف;بوتيرفيش
حيوانات حشرات زواحف;بومة
حيوانات حشرات زواحف;تخبط
حيوانات حشرات زواحف;تمساح
حيوانات حشرات زواحف;تونة
حيوانات حشرات زواحف;ثور
حيوانات حشرات زواحف;ثور
حيوانات حشرات زواحف;جاي
حيوانات حشرات زواحف;جثم
حيوانات حشرات زواحف;جراد
حيوانات حشرات زواحف;جرذ
حيوانات حشرات زواحف;جمبري
حيوانات حشرات زواحف;جناح
حيوانات حشرات زواحف;جندب
حيوانات حشرات زواحف;حبار
حيوانات حشرات زواحف;حديقة
حيوانات حشرات زواحف;حريش
حيوانات حشرات زواحف;حلقة
حيوانات حشرات زواحف;حليب
حيوانات حشرات زواحف;حمار
حيوانات حشرات زواحف;حمار
حيوانات حشرات زواحف;حمامة
حيوانات حشرات زواحف;حمامة
حيوانات حشرات زواحف;حوت
حيوانات حشرات زواحف;خفق
حيوانات حشرات زواحف;خنزير
حيوانات حشرات زواحف;خنزير
حيوانات حشرات زواحف;خنفساء
حيوانات حشرات زواحف;دبور
حيوانات حشرات زواحف;دجاج
حيوانات حشرات زواحف;دجاجة
حيوانات حشرات زواحف;دولفين
حيوانات حشرات زواحف;دياموند
حيوانات حشرات زواحف;ديك
حيوانات حشرات زواحف;ديناصور
حيوانات حشرات زواحف;رجل
حيوانات حشرات زواحف;رمح
حيوانات حشرات زواحف;رمش
حيوانات حشرات زواحف;روبن
حيوانات حشرات زواحف;زرزور
حيوانات حشرات زواحف;زنبور
حيوانات حشرات زواحف;زواحف
حيوانات حشرات زواحف;سايد
حيوانات حشرات زواحف;سبيكة
حيوانات حشرات زواحف;سحلية
حيوانات حشرات زواحف;سحلية
حيوانات حشرات زواحف;سلطعون
حيوانات حشرات زواحف;سم
حيوانات حشرات زواحف;سم
حيوانات حشرات زواحف;سمك
حيوانات حشرات زواحف;سمك
حيوانات حشرات زواحف;سمكة
حيوانات حشرات زواحف;سنجاب
حيوانات حشرات زواحف;سنوبيرد
حيوانات حشرات زواحف;شعاع
حيوانات حشرات زواحف;شمالي
حيوانات حشرات زواحف;شيمبانزي
حيوانات حشرات زواحف;صرصور
حيوانات حشرات زواحف;صرصور
حيوانات حشرات زواحف;صقر
حيوانات حشرات زواحف;صقر
حيوانات حشرات زواحف;صقر
حيوانات حشرات زواحف;ضبع
حيوانات حشرات زواحف;ضفدع
حيوانات حشرات زواحف;طفل
حيوانات حشرات زواحف;طنانة
حيوانات حشرات زواحف;طيران
حيوانات حشرات زواحف;عجل
حيوانات حشرات زواحف;عصفور
حيوانات حشرات زواحف;علامة
حيوانات حشرات زواحف;علة الفضة
حيوانات حشرات زواحف;علقة
حيوانات حشرات زواحف;عندليب
حيوانات حشرات زواحف;عنكبوت
حيوانات حشرات زواحف;عنكبوت 
حيوانات حشرات زواحف;عين
حيوانات حشرات زواحف;غراب
حيوانات حشرات زواحف;غوبي
حيوانات حشرات زواحف;غوريلا
حيوانات حشرات زواحف;فأر
حيوانات حشرات زواحف;فأر
حيوانات حشرات زواحف;فراشة
حيوانات حشرات زواحف;قارض
حيوانات حشرات زواحف;قارض
حيوانات حشرات زواحف;قبرة
حيوانات حشرات زواحف;قرد
حيوانات حشرات زواحف;قرد
حيوانات حشرات زواحف;قرش
حيوانات حشرات زواحف;قط
حيوانات حشرات زواحف;قملة
حيوانات حشرات زواحف;قندس
حيوانات حشرات زواحف;كناري
حيوانات حشرات زواحف;كنغر
حيوانات حشرات زواحف;كوجر
حيوانات حشرات زواحف;ماء
حيوانات حشرات زواحف;مارتن
حيوانات حشرات زواحف;مارلن
حيوانات حشرات زواحف;ماسكي
حيوانات حشرات زواحف;ماشية
حيوانات حشرات زواحف;محار
حيوانات حشرات زواحف;مرجان
حيوانات حشرات زواحف;مرفاع
حيوانات حشرات زواحف;مضرب
حيوانات حشرات زواحف;مطربة
حيوانات حشرات زواحف;ملاك
حيوانات حشرات زواحف;ملك
حيوانات حشرات زواحف;ملك
حيوانات حشرات زواحف;منقار
حيوانات حشرات زواحف;مهر
حيوانات حشرات زواحف;ناموس
حيوانات حشرات زواحف;نجيل
حيوانات حشرات زواحف;نحلة
حيوانات حشرات زواحف;نسر
حيوانات حشرات زواحف;نسر
حيوانات حشرات زواحف;نعامة
حيوانات حشرات زواحف;نمر
حيوانات حشرات زواحف;نمر
حيوانات حشرات زواحف;نملة
حيوانات حشرات زواحف;وحش
حيوانات حشرات زواحف;وسام
حيوانات حشرات زواحف;يراعة
حيوانات حشرات زواحف;يرقات
حيوانات حشرات زواحف;يرقة
خدمات الدينية;أبرشية
خدمات الدينية;أسقف
خدمات الدينية;إمام
خدمات الدينية;الآب
خدمات الدينية;الإكليريكية
خدمات الدينية;السحرة
خدمات الدينية;الشماس
خدمات الدينية;الفاتيكان
خدمات الدينية;القس
خدمات الدينية;الكاهن
خدمات الدينية;المسنين
خدمات الدينية;المونسنيور
خدمات الدينية;اليسوعي
خدمات الدينية;بابا 
خدمات الدينية;بادري
خدمات الدينية;باغود
خدمات الدينية;برج
خدمات الدينية;جنازة
خدمات الدينية;خيمة
خدمات الدينية;خيمة
خدمات الدينية;دير
خدمات الدينية;دير
خدمات الدينية;راهب
خدمات الدينية;راهب
خدمات الدينية;راهبة
خدمات الدينية;شماسة
خدمات الدينية;شيخ
خدمات الدينية;ضريح
خدمات الدينية;علماني
خدمات الدينية;فقيه
خدمات الدينية;قاعة
خدمات الدينية;قاعة التجمع
خدمات الدينية;قديس
خدمات الدينية;قس
خدمات الدينية;قسيس
خدمات الدينية;قندلفت
خدمات الدينية;كاتدرائية
خدمات الدينية;كاتدرائية
خدمات الدينية;كاثوليكي
خدمات الدينية;كاهن
خدمات الدينية;كاهن
خدمات الدينية;كاهن
خدمات الدينية;كاهن
خدمات الدينية;كتلة
خدمات الدينية;كنيس
خدمات الدينية;كنيسة
خدمات الدينية;مؤسسة
خدمات الدينية;مبشر
خدمات الدينية;مبشر
خدمات الدينية;مدرسة
خدمات الدينية;مذبح
خدمات الدينية;مسجد
خدمات الدينية;معبد
خدمات الدينية;مفتي
خدمات الدينية;مقصورة
خدمات الدينية;ملاذ
خدمات الدينية;منزل
خدمات الدينية;منزل
خدمات الدينية;مهمة
خدمات الدينية;موقر
خدمات الدينية;هرم
خدمات الدينية;واعظ
رياضة;إبحار
رياضة;البولينج
رياضة;البيسبول
رياضة;التجديف 
رياضة;التزحلق
رياضة;التزلج
رياضة;التنزه
رياضة;الجودو
رياضة;الخيول
رياضة;الرماية
رياضة;السباحة
رياضة;الصيد
رياضة;القوارب
رياضة;الكرة 
رياضة;الكروس
رياضة;الهوكى 
رياضة;الهوكي
رياضة;تجديف
رياضة;تخييم
رياضة;تراجع
رياضة;تزلج
رياضة;تزلج
رياضة;تصفح
رياضة;تنس
رياضة;جري
رياضة;جولف
رياضة;حقل
رياضة;رقص
رياضة;سباحة
رياضة;سباق
رياضة;سباق 
رياضة;سياج
رياضة;شطرنج
رياضة;صيد 
رياضة;غطس
رياضة;غوص
رياضة;قرع
رياضة;كرة 
رياضة;كروكيت
رياضة;كريكيت
رياضة;لعبة 
رياضة;مسار
رياضة;مصارعة
رياضة;ملاكمة
عائلة;أب
عائلة;أبناء
عائلة;أبي
عائلة;أخ
عائلة;أخت
عائلة;أخوات
عائلة;أم
عائلة;أمي
عائلة;أميرة
عائلة;إخوة
عائلة;ابن
عائلة;ابن أخ
عائلة;ابنة
عائلة;امرأة
عائلة;بابا
عائلة;بنات
عائلة;بنت
عائلة;جد
عائلة;جدة
عائلة;جدتي
عائلة;جدي
عائلة;حفيد
عائلة;حفيدة
عائلة;خال
عائلة;خالة
عائلة;خالتي
عائلة;خالي
عائلة;ربيب
عائلة;ربيبة
عائلة;رجل
عائلة;زوج
عائلة;زوجة
عائلة;شاب
عائلة;شابة
عائلة;شرطية
عائلة;صبي
عائلة;صبية
عائلة;عروس
عائلة;عريس
عائلة;عم
عائلة;عمة
عائلة;عمتي
عائلة;عمي
عائلة;فتاة
عائلة;فتى
عائلة;له
عائلة;لها
عائلة;ماما
عائلة;ملك
عائلة;ملكة
عائلة;هو
عائلة;هي
عائلة;ولد
علوم;الآثار
علوم;الأجنة
علوم;الأسنان
علوم;الأمراض
علوم;الإجتماع
علوم;الاحياء
علوم;الانسجة
علوم;التنجيم
علوم;الجراثيم
علوم;الجريمة
علوم;الجوية
علوم;الحشرات
علوم;الحيوان
علوم;السياسية
علوم;العقاقير
علوم;الفيروسات
علوم;المحيطات
علوم;المعادن
علوم;النبات
علوم;النفس
علوم;الوراثة
علوم;فيزيائية
علوم;معمارية
علوم;أرض
علوم;إلكترونيات
علوم;اجتماعي
علوم;الاعلاميات
علوم;التاريخ
علوم;الرياضيات
علوم;الزراعة
علوم;الفلك
علوم;الكيمياء 
علوم;تشريح
علوم;تغذية
علوم;جغرافية
علوم;جيولوجيا
علوم;دواء
علوم;فلسفة
علوم;كيمياء
علوم;مقابل
علوم;هندسة
مدن و دول;آبيا
مدن و دول;أبوظبي
مدن و دول;أثينا
مدن و دول;أذربيجان
مدن و دول;أرجنتين
مدن و دول;أستانا
مدن و دول;أستراليا
مدن و دول;أستراليا
مدن و دول;أسمرة
مدن و دول;أكرا
مدن و دول;ألمانيا
مدن و دول;ألمانيا
مدن و دول;أنتاناناريفو
مدن و دول;أنفة
مدن و دول;أنقرة
مدن و دول;أوروبا
مدن و دول;أيرلندا
مدن و دول;أيرلندا
مدن و دول;أيسلندا
مدن و دول;إريتريا
مدن و دول;إسبانيا
مدن و دول;إسرائيل
مدن و دول;إنكلترا
مدن و دول;إيطاليا
مدن و دول;الأردن
مدن و دول;الأردن
مدن و دول;الإمارات
مدن و دول;البحرين
مدن و دول;البرتغال
مدن و دول;البرلينية
مدن و دول;الجزائر
مدن و دول;الجزائر
مدن و دول;الجزائر
مدن و دول;الحمامات
مدن و دول;الخرطوم
مدن و دول;الدار البيضاء
مدن و دول;الدنمارك
مدن و دول;الدوحة
مدن و دول;الدوحة
مدن و دول;الرباط
مدن و دول;الرياض
مدن و دول;السعودية
مدن و دول;السنغال
مدن و دول;السودان
مدن و دول;السويد
مدن و دول;الصومال
مدن و دول;الصين
مدن و دول;الصين
مدن و دول;العراق
مدن و دول;العراق
مدن و دول;الغردقة
مدن و دول;القاهرة
مدن و دول;القاهرة
مدن و دول;القاهرة
مدن و دول;القمر
مدن و دول;الكويت
مدن و دول;المغرب 
مدن و دول;المكسيك
مدن و دول;المنامة
مدن و دول;النرويج
مدن و دول;الهند
مدن و دول;اليمن
مدن و دول;اليونان
مدن و دول;اليونان
مدن و دول;باكو
مدن و دول;باماكو
مدن و دول;بانجول
مدن و دول;بانكوك
مدن و دول;براتيسلافا
مدن و دول;برازيل
مدن و دول;برن
مدن و دول;بروكسل
مدن و دول;بغداد
مدن و دول;بغداد
مدن و دول;بكين
مدن و دول;بلجيكا
مدن و دول;بلغاريا
مدن و دول;بلغراد
مدن و دول;بلموبان
مدن و دول;بليز
مدن و دول;بنغلاديش
مدن و دول;بوجمبورا
مدن و دول;بوخارست
مدن و دول;بودابست
مدن و دول;بوروندي
مدن و دول;بولندا
مدن و دول;بيروت
مدن و دول;بيروت
مدن و دول;بيشكيك
مدن و دول;تايلاند
مدن و دول;تايلاند
مدن و دول;تركمانستان
مدن و دول;تركيا
مدن و دول;تونس
مدن و دول;جيبوتي
مدن و دول;داكار
مدن و دول;دبلن
مدن و دول;دكا
مدن و دول;دمشق
مدن و دول;دمشق
مدن و دول;دنمارك
مدن و دول;دوشانبي
مدن و دول;روسيا
مدن و دول;رومانيا
مدن و دول;ساموا
مدن و دول;سلوفاكيا
مدن و دول;سلوفاكيا
مدن و دول;سوريا
مدن و دول;سوريا 
مدن و دول;سويسرا
مدن و دول;سويسرا
مدن و دول;سيدي بوسعيد
مدن و دول;شفشاون
مدن و دول;صربيا
مدن و دول;صنعاء
مدن و دول;طاجيكستان
مدن و دول;عشق أباد
مدن و دول;عمان
مدن و دول;عمان
مدن و دول;غامبيا
مدن و دول;غانا
مدن و دول;غينيا
مدن و دول;فرنسا
مدن و دول;فلسطين
مدن و دول;فنزويلا
مدن و دول;قرغيزستان
مدن و دول;قطر
مدن و دول;قطر
مدن و دول;كاراكاس
مدن و دول;كازاخستان
مدن و دول;كانبيرا
مدن و دول;كرواتيا
مدن و دول;كوبنهاغن
مدن و دول;كوريا
مدن و دول;كولومبيا
مدن و دول;كوناكري
مدن و دول;كيشيناو
مدن و دول;لبنان
مدن و دول;لبنان
مدن و دول;ليبيا
مدن و دول;مالطا
مدن و دول;مالي
مدن و دول;مدغشقر
مدن و دول;مسقط
مدن و دول;مصر
مدن و دول;مصر
مدن و دول;مصر
مدن و دول;مقدونيا
مدن و دول;موريتانيا
مدن و دول;مولدوفا
مدن و دول;نمسا
مدن و دول;نواكشوط
مدن و دول;هنغاريا
مدن و دول;هولندا
مدن و دول;يابان
مركبات;قطار
مركبات;أقدام
مركبات;أيادي
مركبات;اركب
مركبات;انتصار
مركبات;بالون
مركبات;بوجي
مركبات;بونتياك
مركبات;بويك
مركبات;ترام
مركبات;تزلج
مركبات;تلقاءي
مركبات;جيب
مركبات;حافلة
مركبات;حصان
مركبات;خزان
مركبات;دراجات 
مركبات;دراجة
مركبات;دورة
مركبات;زحلوقة
مركبات;سفينة
مركبات;سكوتر
مركبات;سيارة
مركبات;سيارة
مركبات;سيارة 
مركبات;شاحنة 
مركبات;شرم
مركبات;شيفروليه
مركبات;صاروخ
مركبات;صقر
مركبات;طائرة 
مركبات;طوف
مركبات;عربة
مركبات;عربة 
مركبات;غواصة
مركبات;فولكس واجن
مركبات;قارب
مركبات;قارب
مركبات;قطار
مركبات;كاديلاك
مركبات;كوبيه
مركبات;ليموزين
مركبات;مترو 
مركبات;مخاضة
مركبات;مزلجة
مركبات;مصعد
مركبات;مطار
مركبات;ملغ
مركبات;موستانج
مركبات;نقل
مركبات;نمر
مركبات;هليكوبتر
مركبات;هوندا
مركبات;ياماها
مسكن او مكتب;الإدارة
مسكن او مكتب;أدوبي
مسكن او مكتب;إسطبل
مسكن او مكتب;الخيمة
مسكن او مكتب;السجن
مسكن او مكتب;العربة
مسكن او مكتب;الفجوة
مسكن او مكتب;الفندق
مسكن او مكتب;المبنى
مسكن او مكتب;المدينة
مسكن او مكتب;المركب
مسكن او مكتب;المقاطعة
مسكن او مكتب;النزل
مسكن او مكتب;الولاية
مسكن او مكتب;برلمان
مسكن او مكتب;بناء
مسكن او مكتب;بويبلو
مسكن او مكتب;بيت
مسكن او مكتب;تخشيبة
مسكن او مكتب;تعاونية
مسكن او مكتب;ثكنات
مسكن او مكتب;جرف
مسكن او مكتب;جناح 
مسكن او مكتب;حجرة
مسكن او مكتب;حصن
مسكن او مكتب;خمارة
مسكن او مكتب;خيمة
مسكن او مكتب;دوبلكس
مسكن او مكتب;سفينة
مسكن او مكتب;سكن
مسكن او مكتب;سيارة
مسكن او مكتب;شاطئ
مسكن او مكتب;شجرة
مسكن او مكتب;شقة
مسكن او مكتب;صندوق
مسكن او مكتب;ضمادة
مسكن او مكتب;غرفة
مسكن او مكتب;فندق
مسكن او مكتب;فيلا
مسكن او مكتب;قارب
مسكن او مكتب;قصر
مسكن او مكتب;قصر
مسكن او مكتب;قطار
مسكن او مكتب;قلعة
مسكن او مكتب;قمرة
مسكن او مكتب;كراج
مسكن او مكتب;كنة
مسكن او مكتب;كهف
مسكن او مكتب;كوخ
مسكن او مكتب;كوخ
مسكن او مكتب;كوخ
مسكن او مكتب;مأوى
مسكن او مكتب;مأوى
مسكن او مكتب;مؤتمر
مسكن او مكتب;متسكع
مسكن او مكتب;مجلس 
مسكن او مكتب;مركز
مسكن او مكتب;مزرعة
مسكن او مكتب;مزرعة 
مسكن او مكتب;مستشفى
مسكن او مكتب;مستعمرة
مسكن او مكتب;مسطحة
مسكن او مكتب;مسكن
مسكن او مكتب;مقاطعة
مسكن او مكتب;مقر
مسكن او مكتب;مقطورة
مسكن او مكتب;مكتب 
مسكن او مكتب;ملجأ
مسكن او مكتب;منزل
مسكن او مكتب;منزل الأخوة
مسكن او مكتب;منظمتنا منزل
مهنة او حرفة;اجتماعي
مهنة او حرفة;المعالج
مهنة او حرفة;بيطري
مهنة او حرفة;مولد
مهنة او حرفة;أحيائي
مهنة او حرفة;أميرال
مهنة او حرفة;أميرال 
مهنة او حرفة;أمين 
مهنة او حرفة;إناء
مهنة او حرفة;الآب
مهنة او حرفة;الإحصائي
مهنة او حرفة;الاجتماعي
مهنة او حرفة;الباحث
مهنة او حرفة;الجيش
مهنة او حرفة;الحبر
مهنة او حرفة;الرقيب
مهنة او حرفة;السيدة.
مهنة او حرفة;الشرطي
مهنة او حرفة;الطبيب 
مهنة او حرفة;العمل
مهنة او حرفة;القائد
مهنة او حرفة;القائد
مهنة او حرفة;القاضي
مهنة او حرفة;القس
مهنة او حرفة;الكونغرس
مهنة او حرفة;المارشال
مهنة او حرفة;المحامي
مهنة او حرفة;المحامية
مهنة او حرفة;المحقق
مهنة او حرفة;المشير
مهنة او حرفة;الممثل
مهنة او حرفة;الميكانيكي
مهنة او حرفة;الميكانيكي
مهنة او حرفة;النباتي
مهنة او حرفة;النجار
مهنة او حرفة;امن
مهنة او حرفة;امين 
مهنة او حرفة;بائع
مهنة او حرفة;بائع
مهنة او حرفة;باحث
مهنة او حرفة;بحار
مهنة او حرفة;بحار
مهنة او حرفة;بحار
مهنة او حرفة;بحار
مهنة او حرفة;بقال
مهنة او حرفة;بناء 
مهنة او حرفة;بواب
مهنة او حرفة;تاجر
مهنة او حرفة;تلميذ 
مهنة او حرفة;تنفيذي
مهنة او حرفة;جامعى
مهنة او حرفة;جراح
مهنة او حرفة;جرسونة
مهنة او حرفة;جزار
مهنة او حرفة;جندي
مهنة او حرفة;جنرال
مهنة او حرفة;جنرال 
مهنة او حرفة;جيولوجي
مهنة او حرفة;حاكم
مهنة او حرفة;حداد
مهنة او حرفة;حفار 
مهنة او حرفة;حلاب
مهنة او حرفة;حلاق
مهنة او حرفة;خباز
مهنة او حرفة;خبير
مهنة او حرفة;خبير 
مهنة او حرفة;خياط
مهنة او حرفة;دكتور
مهنة او حرفة;دكتور 
مهنة او حرفة;دهان
مهنة او حرفة;رئيس
مهنة او حرفة;رئيس
مهنة او حرفة;رئيس
مهنة او حرفة;رئيس
مهنة او حرفة;رئيس
مهنة او حرفة;رئيس
مهنة او حرفة;رئيس
مهنة او حرفة;رائد
مهنة او حرفة;رائد
مهنة او حرفة;رائد 
مهنة او حرفة;راعي 
مهنة او حرفة;ربان
مهنة او حرفة;رسام
مهنة او حرفة;رقيب
مهنة او حرفة;رقيب
مهنة او حرفة;رياضياتي
مهنة او حرفة;زجاجة
مهنة او حرفة;زعيم
مهنة او حرفة;زميل
مهنة او حرفة;سائس
مهنة او حرفة;سائق
مهنة او حرفة;سائق 
مهنة او حرفة;سباكة
مهنة او حرفة;سكرتير
مهنة او حرفة;سياسي
مهنة او حرفة;سيد
مهنة او حرفة;شاويش
مهنة او حرفة;شاويش
مهنة او حرفة;شرطي
مهنة او حرفة;صائغ
مهنة او حرفة;صاحب
مهنة او حرفة;صانع 
مهنة او حرفة;صحافي
مهنة او حرفة;صيدلاني
مهنة او حرفة;صيدلي
مهنة او حرفة;ضابط
مهنة او حرفة;ضابط
مهنة او حرفة;ضابط
مهنة او حرفة;ضابط
مهنة او حرفة;طالب 
مهنة او حرفة;طاه
مهنة او حرفة;طبخ
مهنة او حرفة;طبيب
مهنة او حرفة;طيار
مهنة او حرفة;طيار
مهنة او حرفة;طيار 
مهنة او حرفة;عازف
مهنة او حرفة;عالم 
مهنة او حرفة;عامل
مهنة او حرفة;عامل
مهنة او حرفة;عامل 
مهنة او حرفة;عامل 
مهنة او حرفة;عريف
مهنة او حرفة;عقاري
مهنة او حرفة;عمدة
مهنة او حرفة;عمل
مهنة او حرفة;عميد
مهنة او حرفة;عميد 
مهنة او حرفة;عنوان
مهنة او حرفة;فنان
مهنة او حرفة;فني
مهنة او حرفة;فيزيائي
مهنة او حرفة;قائد
مهنة او حرفة;قائد
مهنة او حرفة;قائد 
مهنة او حرفة;قس
مهنة او حرفة;كاتب
مهنة او حرفة;كاهن
مهنة او حرفة;كبناء
مهنة او حرفة;كهربائي
مهنة او حرفة;كولونيل
مهنة او حرفة;كولونيل
مهنة او حرفة;كيميائي
مهنة او حرفة;لاعب 
مهنة او حرفة;لحام
مهنة او حرفة;لص
مهنة او حرفة;لواء
مهنة او حرفة;مؤلف
مهنة او حرفة;مارشال
مهنة او حرفة;مالي
مهنة او حرفة;متخصص
مهنة او حرفة;محاسب
مهنة او حرفة;محاسب
مهنة او حرفة;محافظ 
مهنة او حرفة;محامي
مهنة او حرفة;محامي
مهنة او حرفة;محرر
مهنة او حرفة;مخزني
مهنة او حرفة;مخطط
مهنة او حرفة;مدرب
مهنة او حرفة;مدرس
مهنة او حرفة;مدير
مهنة او حرفة;مدير
مهنة او حرفة;مدير
مهنة او حرفة;مذيع
مهنة او حرفة;مراقب 
مهنة او حرفة;مزارع
مهنة او حرفة;مساح 
مهنة او حرفة;مشتر
مهنة او حرفة;مشرف
مهنة او حرفة;مصرفي
مهنة او حرفة;مطرب
مهنة او حرفة;معالج 
مهنة او حرفة;معلن
مهنة او حرفة;معماري
مهنة او حرفة;مقاول
مهنة او حرفة;ملازم
مهنة او حرفة;ملازم
مهنة او حرفة;ملازم
مهنة او حرفة;ملك
مهنة او حرفة;ممثلة
مهنة او حرفة;ممرضة
مهنة او حرفة;مهندس
مهنة او حرفة;مهندس 
مهنة او حرفة;موسيقي  
مهنة او حرفة;موصل
مهنة او حرفة;موضع
مهنة او حرفة;موظف
مهنة او حرفة;موظف 
مهنة او حرفة;موظف 
مهنة او حرفة;موقر
مهنة او حرفة;نائب
مهنة او حرفة;نادل
مهنة او حرفة;ناشر
مهنة او حرفة;نشر
مهنة او حرفة;نشر
مهنة او حرفة;نموذج
مهنة او حرفة;نوسببرمن
مهنة او حرفة;واعظ
مهنة او حرفة;وزير
مهنة او حرفة;وظيفة
مهنة او حرفة;وكيل
نوع من الوقود;الإنتراسيت
نوع من الوقود;الديزل
نوع من الوقود;أكسجين
نوع من الوقود;أموكو
نوع من الوقود;أوكتان
نوع من الوقود;إسو
نوع من الوقود;إيثيل
نوع من الوقود;الإحتراق
نوع من الوقود;البترول
نوع من الوقود;البترول
نوع من الوقود;البروبان
نوع من الوقود;البنتان
نوع من الوقود;البنزين
نوع من الوقود;البوتان
نوع من الوقود;الجفت
نوع من الوقود;الحرارة
نوع من الوقود;السكر
نوع من الوقود;الشمس
نوع من الوقود;الشمع
نوع من الوقود;الكاز
نوع من الوقود;الكربون
نوع من الوقود;الميثان
نوع من الوقود;الميثيلين
نوع من الوقود;النتروجليسرين
نوع من الوقود;النفط
نوع من الوقود;النووي
نوع من الوقود;النيتروجين 
نوع من الوقود;الهيدروجين
نوع من الوقود;الهيليوم
نوع من الوقود;الوقود 
نوع من الوقود;اليورانيوم
نوع من الوقود;بخار
نوع من الوقود;بنزين
نوع من الوقود;بنزين
نوع من الوقود;بيروكسيد 
نوع من الوقود;خشب
نوع من الوقود;خليج
نوع من الوقود;ذرة
نوع من الوقود;راديوم 
نوع من الوقود;سائل
نوع من الوقود;شمس
نوع من الوقود;ضوء 
نوع من الوقود;طعام
نوع من الوقود;غاز
نوع من الوقود;غاز 
نوع من الوقود;غاز  
نوع من الوقود;فحم
نوع من الوقود;فحم
نوع من الوقود;فحم
نوع من الوقود;قطران
نوع من الوقود;كحول
نوع من الوقود;كربون
نوع من الوقود;كهرباء
نوع من الوقود;ماء
نوع من الوقود;منتظم
نوع من الوقود;نار
نوع من الوقود;نتروجين
نوع من الوقود;نجيل
نوع من الوقود;نفط
نوع من الوقود;هواء
نوع من الوقود;هيدروجين
نوع من الوقود;ورقة
نوع من مواد القراءة;أخبار
نوع من مواد القراءة;أدب
نوع من مواد القراءة;أطروحة
نوع من مواد القراءة;إباحية
نوع من مواد القراءة;إشعار
نوع من مواد القراءة;إعلان
نوع من مواد القراءة;افتتاحيات
نوع من مواد القراءة;الانجيل
نوع من مواد القراءة;التركيبة
نوع من مواد القراءة;التمرير
نوع من مواد القراءة;التوراة
نوع من مواد القراءة;الجيب
نوع من مواد القراءة;الرواية
نوع من مواد القراءة;الكتاب
نوع من مواد القراءة;الكتاب
نوع من مواد القراءة;الملصق
نوع من مواد القراءة;النكات
نوع من مواد القراءة;بحث
نوع من مواد القراءة;برنامج
نوع من مواد القراءة;بطاقة
نوع من مواد القراءة;تأجيل
نوع من مواد القراءة;تاريخ
نوع من مواد القراءة;تعليمات
نوع من مواد القراءة;تقويم
نوع من مواد القراءة;حاول
نوع من مواد القراءة;حجم
نوع من مواد القراءة;خيال
نوع من مواد القراءة;دائري
نوع من مواد القراءة;دراما
نوع من مواد القراءة;رسالة
نوع من مواد القراءة;رواية
نوع من مواد القراءة;رواية
نوع من مواد القراءة;سخرية
نوع من مواد القراءة;سر
نوع من مواد القراءة;سيرة
نوع من مواد القراءة;سيناريو
نوع من مواد القراءة;شعر
نوع من مواد القراءة;صحيفة
نوع من مواد القراءة;صدقة
نوع من مواد القراءة;علامة
نوع من مواد القراءة;فهرس
نوع من مواد القراءة;قاموس
نوع من مواد القراءة;قران
نوع من مواد القراءة;قصة
نوع من مواد القراءة;قصة
نوع من مواد القراءة;قصصي
نوع من مواد القراءة;قصيدة
نوع من مواد القراءة;كتاب
نوع من مواد القراءة;كتيب
نوع من مواد القراءة;كتيب
نوع من مواد القراءة;كراسة
نوع من مواد القراءة;كلاسيكيات
نوع من مواد القراءة;لعب
نوع من مواد القراءة;لوحة
نوع من مواد القراءة;مجلة
نوع من مواد القراءة;مجنون
نوع من مواد القراءة;مخطوطة
نوع من مواد القراءة;مذكرة
نوع من مواد القراءة;مراجعة
نوع من مواد القراءة;مفكرة
نوع من مواد القراءة;مقالة
نوع من مواد القراءة;ملصق
نوع من مواد القراءة;ملف
نوع من مواد القراءة;موسوعة
نوع من مواد القراءة;موسيقى
نوع من مواد القراءة;موضوع
نوع من مواد القراءة;نثر
نوع من مواد القراءة;نشرة
نوع من مواد القراءة;نشرة
نوع من مواد القراءة;نشرة
نوع من مواد القراءة;نشرة
نوع من مواد القراءة;نكتة
نوع من مواد القراءة;نيوزويك
نوع من مواد القراءة;وثيقة
نوع من مواد القراءة;ورقة
نوع من مواد القراءة;ورقة
نوع من مواد القراءة;وقائع
نوع من مواد القراءة;وقت
وحدة حساب المسافة او الوقت;الوقت
وحدة حساب المسافة او الوقت;أبدية
وحدة حساب المسافة او الوقت;أسبوع
وحدة حساب المسافة او الوقت;ألفية
وحدة حساب المسافة او الوقت;الأسبوع
وحدة حساب المسافة او الوقت;الألفية
وحدة حساب المسافة او الوقت;الميكروثانية
وحدة حساب المسافة او الوقت;بوصة
وحدة حساب المسافة او الوقت;جيل
وحدة حساب المسافة او الوقت;حياة
وحدة حساب المسافة او الوقت;خطوة
وحدة حساب المسافة او الوقت;درجة
وحدة حساب المسافة او الوقت;دقيقة
وحدة حساب المسافة او الوقت;دهر
وحدة حساب المسافة او الوقت;ساحة
وحدة حساب المسافة او الوقت;ساعة
وحدة حساب المسافة او الوقت;سرعة
وحدة حساب المسافة او الوقت;سنتيمتر
وحدة حساب المسافة او الوقت;شبر
وحدة حساب المسافة او الوقت;شهر
وحدة حساب المسافة او الوقت;طول
وحدة حساب المسافة او الوقت;عام
وحدة حساب المسافة او الوقت;عصبة
وحدة حساب المسافة او الوقت;عصر
وحدة حساب المسافة او الوقت;عقد
وحدة حساب المسافة او الوقت;عقد
وحدة حساب المسافة او الوقت;عمر
وحدة حساب المسافة او الوقت;فترة
وحدة حساب المسافة او الوقت;فدان
وحدة حساب المسافة او الوقت;قدم
وحدة حساب المسافة او الوقت;قرن
وحدة حساب المسافة او الوقت;كتلة
وحدة حساب المسافة او الوقت;كيلوغرام
وحدة حساب المسافة او الوقت;كيلومتر
وحدة حساب المسافة او الوقت;لانهاية
وحدة حساب المسافة او الوقت;لتر
وحدة حساب المسافة او الوقت;لف
وحدة حساب المسافة او الوقت;ليل
وحدة حساب المسافة او الوقت;متر
وحدة حساب المسافة او الوقت;مربع
وحدة حساب المسافة او الوقت;مساء
وحدة حساب المسافة او الوقت;ملليمتر
وحدة حساب المسافة او الوقت;مليغرام
وحدة حساب المسافة او الوقت;ميكرومتر
وحدة حساب المسافة او الوقت;ميكرون
وحدة حساب المسافة او الوقت;ميل
وحدة حساب المسافة او الوقت;ميلادي
وحدة حساب المسافة او الوقت;ميليمكرون
وحدة حساب المسافة او الوقت;هجري
وحدة حساب المسافة او الوقت;هلال
وحدة حساب المسافة او الوقت;وحدة
وحدة حساب المسافة او الوقت;وقت
وحدة حساب المسافة او الوقت;يوم
